first_name,last_name
MARY,SMITH
PATRICIA,JOHNSON
LINDA,WILLIAMS
ELIZABETH,BROWN
MARIA,MILLER
KAREN,JACKSON
BETTY,WHITE
HELEN,HARRIS
SANDRA,MARTIN
RUTH,MARTINEZ
SHARON,ROBINSON
MICHELLE,CLARK
LAURA,RODRIGUEZ
SARAH,LEWIS
DEBORAH,WALKER
JESSICA,HALL
SHIRLEY,ALLEN
ANGELA,HERNANDEZ
MELISSA,KING
AMY,LOPEZ
VIRGINIA,GREEN
MARTHA,GONZALEZ
DEBRA,NELSON
STEPHANIE,MITCHELL
CAROLYN,PEREZ
MARIE,TURNER
JANET,PHILLIPS
CATHERINE,CAMPBELL
JOYCE,EDWARDS
DIANE,COLLINS
ALICE,STEWART
HEATHER,MORRIS
TERESA,ROGERS
GLORIA,COOK
EVELYN,MORGAN
JEAN,BELL
CHERYL,MURPHY
ASHLEY,RICHARDSON
JANICE,WARD
KATHY,JAMES
TAMMY,SANDERS
LORI,WOOD
MARILYN,ROSS
KATHRYN,COLEMAN
SARA,PERRY
JACQUELINE,LONG
WANDA,PATTERSON
JULIA,FLORES
LOIS,BUTLER
TINA,SIMMONS
CRYSTAL,FORD
GLADYS,HAMILTON
DAWN,SULLIVAN
FLORENCE,WOODS
TRACY,COLE
ROSA,REYNOLDS
CINDY,FISHER
GRACE,ELLIS
SHERRY,MARSHALL
SYLVIA,ORTIZ
THELMA,MURRAY
ETHEL,WEBB
ELLEN,SIMPSON
MARJORIE,TUCKER
CARRIE,PORTER
MONICA,HICKS
RHONDA,KENNEDY
AMBER,DIXON
DEBBIE,REYES
CLARA,SHAW
JAMIE,RICE
JOANNE,ROBERTSON
ELEANOR,HUNT
VALERIE,BLACK
MICHELE,GRANT
DARLENE,ROSE
VERONICA,STONE
GERALDINE,PERKINS
CATHY,SPENCER
LYNN,PAYNE
SALLY,PIERCE
REGINA,BERRY
BEATRICE,ARNOLD
DOLORES,WAGNER
BERNICE,WILLIS
AUDREY,RAY
JUNE,CARROLL
MARION,SNYDER
DANA,HART
ANA,BRADLEY
HOLLY,FOX
BRITTANY,RILEY
ALMA,AUSTIN
SUE,PETERS
ELSIE,KELLEY
JEANNE,LAWSON
ROSEMARY,SCHMIDT
TERRI,VASQUEZ
GERTRUDE,CASTILLO
TONYA,CHAPMAN
ELLA,OLIVER
STACEY,MONTGOMERY
KRISTIN,JOHNSTON
CHARLENE,ALVAREZ
BESSIE,MORRISON
ARLENE,HARVEY
JOY,GEORGE
MARCIA,DEAN
TANYA,GILBERT
MINNIE,ROMERO
MARLENE,WELCH
HEIDI,LARSON
GLENDA,FRAZIER
VIOLA,HANSON
COURTNEY,DAY
VICKIE,BREWER
TERRY,CARLSON
MAXINE,SILVA
MABEL,HOLLAND
MARSHA,DOUGLAS
LENA,JENSEN
CHRISTY,VARGAS
PATSY,DAVIDSON
HILDA,HOPKINS
JENNIE,TERRY
NORA,HERRERA
MARGIE,WADE
NINA,SOTO
CASSANDRA,WALTERS
PRISCILLA,LOWE
NAOMI,JENNINGS
BRANDY,GRAVES
OLGA,JIMENEZ
DIANNE,SHELTON
TRACEY,BARRETT
SONIA,GREGORY
MIRIAM,MCKINNEY
VELMA,LUCAS
BECKY,MILES
VIOLET,RODRIQUEZ
MISTY,LAMBERT
MAE,FLETCHER
SHELLY,WATTS
DAISY,BATES
RAMONA,HALE
SHERRI,RHODES
JAMES,GANNON
JOHN,FARNSWORTH
MICHAEL,SILVERMAN
DAVID,ROYAL
CHARLES,KOWALSKI
JOSEPH,JOY
CHRISTOPHER,GRECO
PAUL,TROUT
GEORGE,LINTON
STEVEN,CURLEY
EDWARD,BAUGH
RONALD,WEINER
KEVIN,SCHULER
JASON,MORRISSEY
MATTHEW,MAHAN
LARRY,THRASHER
FRANK,WAGGONER
ERIC,ROBERT
STEPHEN,QUALLS
RAYMOND,MCWHORTER
JOSHUA,MARK
JERRY,JORDON
DENNIS,GILMAN
WALTER,PERRYMAN
PATRICK,NEWSOM
HAROLD,MARTINO
DOUGLAS,GRAF
ARTHUR,SIMPKINS
RYAN,SALISBURY
ROGER,QUINTANILLA
JOE,GILLILAND
JUSTIN,NGO
GERALD,FULTZ
RALPH,MADRIGAL
NICHOLAS,BARFIELD
ROY,WHITING
BRANDON,HUEY
HARRY,ARCE
BILLY,POULIN
STEVE,MACKENZIE
LOUIS,LEONE
RUSSELL,BRINSON
TODD,TAN
CRAIG,MORRELL
ALAN,KAHN
SHAWN,HEATON
PHILIP,CAUSEY
BRYAN,HARDISON
MIKE,WAY
STANLEY,SCROGGINS
NATHAN,RUNYON
DALE,RATCLIFF
MANUEL,MURRELL
CURTIS,IRBY
JEFFERY,PINSON
LEE,HAWKS
ALFRED,CASILLAS
BRADLEY,MOTLEY
JESUS,MCCARTNEY
EDWIN,BURK
DON,BONE
EDDIE,TOMLIN
TROY,QUIGLEY
BARRY,LOVELACE
ALEXANDER,FENNELL
MARIO,CHEATHAM
LEROY,BUSTAMANTE
MARCUS,HIDALGO
THEODORE,CULP
CLIFFORD,BOWENS
MIGUEL,BETANCOURT
JIM,REA
ALEX,GRESHAM
BILL,GAVIN
TOMMY,COLLAZO
WARREN,SHERROD
ALVIN,DELOACH
TIM,CARY
WESLEY,BULL
GORDON,ALLARD
GREG,ROBINS
JORGE,OLIVARES
ZACHARY,HITE
HERMAN,DEVORE
MAURICE,CRAWLEY
ROBERTO,VU
CLYDE,TOBIAS
GLEN,TALBERT
HECTOR,POINDEXTER
SAM,MCDUFFIE
RICK,MATTOX
BRENT,HARKINS
RAMON,CHOATE
CHARLIE,BESS
GILBERT,SLEDGE
MARC,OUTLAW
REGINALD,KINDER
BRETT,CORNWELL
ANGEL,BARCLAY
NATHANIEL,ADAM
LESLIE,SEWARD
MILTON,HOWLAND
BEN,EASTER
CECIL,VINES
DUANE,TUBBS
ANDRE,RAPP
MITCHELL,WESTMORELAND
ARNOLD,HAVENS
KARL,SEAL
ERIK,GUILLEN
JAMIE,WAUGH
NEIL,RENNER
JESSIE,MILAM
JAVIER,ELROD
FERNANDO,CHURCHILL
TED,BREAUX
TYRONE,ASHER
GUY,BROWNLEE
JIMMIE,EGGLESTON
JORDAN,ARCHULETA
JAIME,NETTLES
CASEY,MENA
DAVE,GARDINER
JOHNNIE,CHISHOLM
BYRON,BOX
ISAAC,OGLESBY
MORRIS,MCCARTER
CLIFTON,MALCOLM
ANDY,VANHORN
MARSHALL,THORN
SALVADOR,TEEL
PERRY,SWAFFORD
MARION,OCAMPO
TRACY,HERRMANN
SETH,HANNON
KENT,ARSENAULT
RENE,MCALISTER
EDUARDO,HIATT
TERRENCE,GUNDERSON
